	Atrichopoda_291_v1.0.protein_primaryTranscriptOnly	Bpendula_v1.4_protein	Cmollissima_v1.1_protein	Ppersica_298_v2.1.protein_primaryTranscriptOnly	Ptrichocarpa_444_v3.1.protein_primaryTranscriptOnly	Qlobata_v1.0_protein	Vvinifera_145_Genoscope.12X.protein_primaryTranscriptOnly	walnut.wgs.5d.all.maker.proteins.highq_partial
Atrichopoda_291_v1.0.protein_primaryTranscriptOnly	11909	10039	11265	11233	11311	11227	10653	4818
Bpendula_v1.4_protein	10039	12056	11308	11274	11271	11529	10421	4756
Cmollissima_v1.1_protein	11265	11308	15088	12628	12649	14333	11730	5307
Ppersica_298_v2.1.protein_primaryTranscriptOnly	11233	11274	12628	13508	12873	12630	11734	5207
Ptrichocarpa_444_v3.1.protein_primaryTranscriptOnly	11311	11271	12649	12873	13697	12713	11774	5199
Qlobata_v1.0_protein	11227	11529	14333	12630	12713	15235	11690	5287
Vvinifera_145_Genoscope.12X.protein_primaryTranscriptOnly	10653	10421	11730	11734	11774	11690	12434	5138
walnut.wgs.5d.all.maker.proteins.highq_partial	4818	4756	5307	5207	5199	5287	5138	5445
