Number of genes	252114
Number of genes in orthogroups	199671
Number of unassigned genes	52443
Percentage of genes in orthogroups	79.2
Percentage of unassigned genes	20.8
Number of orthogroups	16791
Number of species-specific orthogroups	196
Number of genes in species-specific orthogroups	1279
Percentage of genes in species-specific orthogroups	0.5
Mean orthogroup size	11.9
Median orthogroup size	8.0
G50 (assigned genes)	14
G50 (all genes)	10
O50 (assigned genes)	3239
O50 (all genes)	5493
Number of orthogroups with all species present	4103
Number of single-copy orthogroups	354
Date	2017-06-18
Orthogroups file	Orthogroups.csv
Unassigned genes file	Orthogroups_UnassignedGenes.csv
Per-species statistics	Statistics_PerSpecies.csv
Overall statistics	Statistics_Overall.csv
Orthogroups shared between species	Orthogroups_SpeciesOverlaps.csv

Average number of genes per-species in orthogroup	Number of orthogroups	Percentage of orthogroups	Number of genes	Percentage of genes
<1	6046	36.0	27867	14.0
'1	8169	48.7	81610	40.9
'2	1544	9.2	28510	14.3
'3	442	2.6	11819	5.9
'4	201	1.2	7085	3.5
'5	100	0.6	4331	2.2
'6	71	0.4	3654	1.8
'7	36	0.2	2133	1.1
'8	28	0.2	1877	0.9
'9	24	0.1	1800	0.9
'10	21	0.1	1743	0.9
11-15	40	0.2	4201	2.1
16-20	21	0.1	3065	1.5
21-50	33	0.2	8263	4.1
51-100	11	0.1	6397	3.2
101-150	1	0.0	1011	0.5
151-200	3	0.0	4305	2.2
201-500	0	0.0	0	0.0
501-1000	0	0.0	0	0.0
'1001+	0	0.0	0	0.0

Number of species in orthogroup	Number of orthogroups
1	196
2	2349
3	793
4	705
5	970
6	2120
7	5555
8	4103
